tutor_id,name,phone,email,subject
T001,Aarav Sharma,+61 412 003 118,aarav.sharma@gmail.com,Maths
T002,Sarah Lee,+61 413 884 220,sarah.lee.chem@gmail.com,Chemistry
T003,Sarah Leung,+61 401 552 097,sarahleung.bio@gmail.com,Biology
T004,John Smith,+61 478 220 615,jsmith.physics@gmail.com,Physics
T005,Jane Smith,+61 422 117 803,jane.smith.eng@gmail.com,English
T006,Mei Tan,+61 431 660 942,mei.tan@gmail.com,Maths
T007,Daniel O'Connor,+61 409 338 471,danoconnor.eng@gmail.com,English
T008,Priya Nair,+61 415 002 776,priya.nair@gmail.com,Physics
T009,Liam Murphy,+61 402 771 590,liam.murphy@gmail.com,Chemistry
T010,Sophie Nguyen,+61 417 449 263,sophie.nguyen@gmail.com,Biology
T011,Marcus Brown,+61 404 880 135,marcus.brown@gmail.com,Maths
T012,Aisha Rahman,+61 423 615 708,aisha.rahman@gmail.com,English
T013,Tom Wilson,+61 408 226 904,tom.wilson@gmail.com,Physics
T014,Grace Park,+61 411 770 358,grace.park@gmail.com,Chemistry
T015,Hannah Cohen,+61 419 553 802,hannah.cohen@gmail.com,Biology
